Industry,count,median_salary_mid,mean_salary_mid
Other Retail Stores,1,163500.0,163500.0
Motion Picture Production & Distribution,1,146000.0,146000.0
Financial Analytics & Research,4,144000.0,138250.0
"Health, Beauty, & Fitness",1,139500.0,139500.0
Telecommunications Services,2,131500.0,131500.0
Brokerage Services,2,129000.0,129000.0
Auctions & Galleries,1,128000.0,128000.0
Enterprise Software & Network Solutions,32,122000.0,113609.375
Biotech & Pharmaceuticals,38,121000.0,123355.26315789473
Colleges & Universities,6,120500.0,109333.33333333333
TV Broadcast & Cable Networks,2,117750.0,117750.0
Computer Hardware & Software,36,117000.0,118166.66666666667
Investment Banking & Asset Management,3,116500.0,117333.33333333333
Accounting,1,113500.0,113500.0
Transportation Management,1,107500.0,107500.0
Metals Brokers,1,107000.0,107000.0
Insurance Agencies & Brokerages,4,105500.0,111125.0
Transportation Equipment Manufacturing,1,104500.0,104500.0
Internet,18,104000.0,112750.0
K-12 Education,4,103500.0,108875.0
Video Games,2,102750.0,102750.0
Aerospace & Defense,20,100750.0,99275.0
Insurance Carriers,37,100000.0,100783.78378378379
Advertising & Marketing,18,98250.0,100722.22222222222
Logistics & Supply Chain,2,98250.0,98250.0
Gas Stations,1,98000.0,98000.0
Mining,1,98000.0,98000.0
Health Care Services & Hospitals,16,96750.0,99687.5
Consulting,21,96500.0,104285.71428571429
Real Estate,5,96000.0,103400.0
Staffing & Outsourcing,7,94500.0,101642.85714285714
Industrial Manufacturing,4,94250.0,94125.0
Lending,4,94000.0,88875.0
Consumer Products Manufacturing,6,91750.0,88583.33333333333
IT Services,38,89250.0,101342.1052631579
"Department, Clothing, & Shoe Stores",3,87500.0,92666.66666666667
Stock Exchanges,1,87000.0,87000.0
Beauty & Personal Accessories Stores,1,85500.0,85500.0
Security Services,4,85250.0,92500.0
Sporting Goods Stores,1,85000.0,85000.0
Federal Agencies,5,81500.0,86500.0
Education Training Services,2,81500.0,81500.0
Consumer Product Rental,2,81250.0,81250.0
Farm Support Services,1,80500.0,80500.0
Religious Organizations,4,79500.0,79000.0
Trucking,1,79000.0,79000.0
Energy,8,76500.0,80750.0
Wholesale,3,76500.0,103166.66666666667
Health Care Products Manufacturing,1,73000.0,73000.0
Financial Transaction Processing,2,69756.75,69756.75
Research & Development,9,65500.0,71277.77777777778
Travel Agencies,5,65000.0,72600.0
Banks & Credit Unions,7,62500.0,71857.14285714286
Food & Beverage Manufacturing,1,52500.0,52500.0
Gambling,1,48500.0,48500.0
Social Assistance,2,46000.0,46000.0
Telecommunications Manufacturing,1,44000.0,44000.0
