Job Title,Job Level,State,n,RAI_mean,RAI_median,RPP_median,Pay_median,COLID_median,Rating_median,pct_RPP_p50,pct_Pay_p50,pct_PremiumSkill_p50,Compression_penalty_p50,RAI_bucket
Lead Data Analyst,Mid Level,NY,1,6.033333333333331,6.033333333333331,39830.50847457627,47000.0,118.0,3.9,6.0606060606060606,6.0606060606060606,5.0,100.0,Less attractive
Associate Data Science - Internal Audit,Mid Level,MA,1,5.299999999999999,5.299999999999999,45243.95540755755,62500.0,138.14,3.1,9.090909090909092,9.090909090909092,5.0,100.0,Less attractive
Clinical Data Analyst,Mid Level,VA,1,5.049999999999999,5.049999999999999,68982.38747553815,70500.0,102.2,4.1,5.0,5.0,0.0,100.0,Less attractive
"Senior Engineer, Data Management Engineering",Senior Level,CA,1,4.555555555555555,4.555555555555555,75294.2975080263,98500.0,130.82,3.5,5.555555555555555,5.555555555555555,5.0,100.0,Less attractive
Data Scientist - Research,Mid Level,MA,1,3.799999999999999,3.799999999999999,40900.53568843203,56500.0,138.14,3.1,4.545454545454546,4.545454545454546,10.0,100.0,Less attractive
Data Analyst - Chemist Quality System Contractor,Mid Level,CA,1,3.4750000000000014,3.4750000000000014,65356.979055190335,85500.0,130.82,2.2,12.5,12.5,0.0,100.0,Less attractive
Digital Marketing & ECommerce Data Analyst,Mid Level,CA,1,3.226470588235294,3.226470588235294,39367.069255465525,51500.0,130.82,3.6,4.411764705882353,4.411764705882353,0.0,100.0,Less attractive
Marketing Data Analyst,Mid Level,CA,1,2.417647058823528,2.417647058823528,37073.841920195686,48500.0,130.82,3.6,2.941176470588235,2.941176470588235,0.0,100.0,Less attractive
R&D Specialist/ Food Scientist,Mid Level,IL,1,1.4307692307692292,1.4307692307692292,56512.37890204521,52500.0,92.9,2.4,7.6923076923076925,7.6923076923076925,0.0,100.0,Less attractive
Data Analyst,Mid Level,MD,1,0.8285714285714274,0.8285714285714274,54741.30319618625,62000.0,113.259999999999,2.3,7.142857142857142,7.142857142857142,0.0,100.0,Less attractive
