Job Title,Job Level,State,n,RAI_mean,RAI_median,RPP_median,Pay_median,COLID_median,Rating_median,pct_RPP_p50,pct_Pay_p50,pct_PremiumSkill_p50,Compression_penalty_p50,RAI_bucket
Associate Machine Learning Engineer / Data Scientist May 2020 Undergrad,Entry Level,NY,1,66.4,66.4,63135.59322033899,74500.0,118.0,3.8,100.0,100.0,15.0,30.0,Neutral
Associate Data Scientist - Computer Scientist,Entry Level,VA,1,65.6,65.6,79745.59686888453,81500.0,102.2,3.2,100.0,100.0,20.0,30.0,Neutral
Associate Data Engineer,Entry Level,DC,1,64.5,64.5,48771.40729709605,65500.0,134.3,3.5,100.0,100.0,10.0,30.0,Neutral
IT Associate Data Analyst,Entry Level,MA,1,63.099999999999994,63.099999999999994,39090.777472129725,54000.0,138.14,3.7,100.0,100.0,0.0,30.0,Neutral
Customer Data Scientist/Sales Engineer,Mid Level,IL,1,62.900000000000006,62.900000000000006,148008.6114101184,137500.0,92.9,4.3,100.0,100.0,25.0,100.0,Neutral
Machine Learning Engineer,Mid Level,CO,1,62.900000000000006,62.900000000000006,97195.3578336557,100500.0,103.4,4.3,100.0,100.0,25.0,100.0,Neutral
Senior Data Engineer,Senior Level,IN,1,62.5,62.5,128947.36842105264,122500.0,95.0,4.5,100.0,100.0,20.0,100.0,Neutral
Senior Data Engineer,Senior Level,TX,1,62.099999999999994,62.099999999999994,146902.84259652102,138500.0,94.28,4.7,100.0,100.0,15.0,100.0,Neutral
Associate Data Analyst - Graduate Development Program,Entry Level,OH,1,61.89999999999999,61.89999999999999,48158.34038950047,45500.0,94.4799999999999,3.3,100.0,100.0,0.0,30.0,Neutral
Associate Data Analyst,Entry Level,CO,1,61.3,61.3,28529.98065764023,29500.0,103.4,3.1,100.0,100.0,0.0,30.0,Neutral
Big Data Engineer,Mid Level,IN,1,61.2,61.2,95263.15789473684,90500.0,95.0,4.4,100.0,100.0,15.0,100.0,Neutral
Data Engineer,Mid Level,MN,1,61.099999999999994,61.099999999999994,98650.05192107997,95000.0,96.3,4.7,100.0,100.0,10.0,100.0,Neutral
Principal Machine Learning Scientist,Mid Level,CA,1,61.099999999999994,61.099999999999994,177725.1184834123,232500.0,130.82,4.7,100.0,100.0,10.0,100.0,Neutral
R&D Senior Data Scientist,Senior Level,WA,1,61.0,61.0,112636.39563534065,128000.0,113.639999999999,4.0,100.0,100.0,20.0,100.0,Neutral
Data Scientist,Mid Level,AZ,1,60.900000000000006,60.900000000000006,67593.85333592752,69500.0,102.819999999999,4.3,100.0,100.0,15.0,100.0,Neutral
Senior Data Scientist,Senior Level,DC,1,60.599999999999994,60.599999999999994,176842.88905435588,237500.0,134.3,4.2,100.0,100.0,15.0,100.0,Neutral
Data Science Manager,Management,CA,1,60.599999999999994,60.599999999999994,169316.61825408958,221500.0,130.82,4.2,100.0,100.0,15.0,100.0,Neutral
Associate Director -  Platform and DevOps- Data Engineering and Aritifical Intelligence,Executive,MA,1,60.099999999999994,60.099999999999994,111843.05776748227,154500.0,138.14,3.7,100.0,100.0,20.0,100.0,Neutral
Principal Data Scientist (Computational Chemistry),Mid Level,UT,1,60.099999999999994,60.099999999999994,143513.7895812053,140500.0,97.9,4.7,100.0,100.0,5.0,100.0,Neutral
Data Scientist,Mid Level,KY,1,59.900000000000006,59.900000000000006,92085.0690638018,84000.0,91.22,4.3,100.0,100.0,10.0,100.0,Neutral
Data Science Analyst,Mid Level,AL,1,59.8,59.8,75673.26953038068,68000.0,89.8599999999999,4.6,100.0,100.0,5.0,100.0,Neutral
Insurance Data Scientist,Mid Level,GA,1,59.7,59.7,92855.58225912169,85000.0,91.54,3.9,100.0,100.0,15.0,100.0,Neutral
Lead Data Engineer,Mid Level,CA,1,59.682352941176475,59.682352941176475,156703.86791010547,205000.0,130.82,4.1,97.05882352941177,97.05882352941177,20.0,100.0,Neutral
Data Scientist Manager,Management,NY,1,59.400000000000006,59.400000000000006,124576.27118644069,147000.0,118.0,3.8,100.0,100.0,15.0,100.0,Neutral
Senior Research Statistician- Data Scientist,Senior Level,WI,1,59.400000000000006,59.400000000000006,101025.33172496984,100500.0,99.48,4.8,100.0,100.0,0.0,100.0,Neutral
Data Scientist - Alpha Insights,Mid Level,NY,1,59.2,59.2,145762.7118644068,172000.0,118.0,4.4,100.0,100.0,5.0,100.0,Neutral
Data Scientist,Mid Level,NC,1,59.099999999999994,59.099999999999994,104379.86082685224,102000.0,97.72,3.7,100.0,100.0,15.0,100.0,Neutral
Junior Business Data Analyst,entry Level,PA,1,59.099999999999994,59.099999999999994,56319.776714513566,56500.0,100.32,4.7,100.0,100.0,0.0,100.0,Neutral
Lead Data Scientist,Mid Level,MA,1,58.8,58.8,118720.13898943101,164000.0,138.14,3.6,100.0,100.0,15.0,100.0,Neutral
Senior Data Scientist Oncology,Senior Level,MD,1,58.7,58.7,123609.39431396895,140000.0,113.259999999999,3.9,100.0,100.0,10.0,100.0,Neutral
Senior Insurance Data Scientist,Senior Level,IL,1,58.7,58.7,150699.67707212054,140000.0,92.9,3.9,100.0,100.0,10.0,100.0,Neutral
Principal Data Scientist,Mid Level,MD,1,58.7,58.7,130231.32615221728,147500.0,113.259999999999,3.9,100.0,100.0,10.0,100.0,Neutral
"Senior Data Scientist, Cyber-Security LT Contract",Senior Level,PA,1,58.599999999999994,58.599999999999994,154505.5821371611,155000.0,100.32,3.2,100.0,100.0,20.0,100.0,Neutral
Principal Data Scientist with over 10 years experience,Mid Level,CA,1,58.456101843722564,58.456101843722564,171992.05014523774,225000.0,130.82,,98.52941176470588,98.52941176470588,15.0,100.0,Neutral
Data Analytics Manager,Management,MO,1,58.400000000000006,58.400000000000006,45010.002222716204,40500.0,89.9799999999999,3.8,100.0,100.0,10.0,100.0,Neutral
Staff Data Engineer,Mid Level,TX,1,58.400000000000006,58.400000000000006,158570.21637675012,149500.0,94.28,3.8,100.0,100.0,10.0,100.0,Neutral
Machine Learning Engineer - Regulatory,Mid Level,KS,1,58.099999999999994,58.099999999999994,94750.59899803966,87000.0,91.82,3.7,100.0,100.0,10.0,100.0,Neutral
Lead Data Scientist,Mid Level,WA,1,58.099999999999994,58.099999999999994,162354.80464625274,184500.0,113.639999999999,3.7,100.0,100.0,10.0,100.0,Neutral
Senior Data Engineer (ETL Developer),Senior Level,IA,1,58.099999999999994,58.099999999999994,124461.20689655187,115500.0,92.7999999999999,3.7,100.0,100.0,10.0,100.0,Neutral
Analytics Manager,Management,MI,1,57.900000000000006,57.900000000000006,92986.18490967057,87500.0,94.1,4.3,100.0,100.0,0.0,100.0,Neutral
Data Scientist,Mid Level,MI,1,57.8,57.8,102019.12858661,96000.0,94.1,3.6,100.0,100.0,10.0,100.0,Neutral
Data Engineer I - Azure,Mid Level,IA,1,57.7,57.7,83512.93103448286,77500.0,92.7999999999999,3.9,100.0,100.0,5.0,100.0,Neutral
Senior LiDAR Data Scientist,Senior Level,FL,1,57.7,57.7,121176.00317838695,122000.0,100.68,3.9,100.0,100.0,5.0,100.0,Neutral
Junior Data Scientist,entry Level,VA,1,57.599999999999994,57.599999999999994,104207.43639921721,106500.0,102.2,3.2,100.0,100.0,15.0,100.0,Neutral
Insurance Financial Data Analyst,Mid Level,ID,1,57.599999999999994,57.599999999999994,61890.838206627675,63500.0,102.6,4.2,100.0,100.0,0.0,100.0,Neutral
Managing Data Scientist/ML Engineer,Management,MA,1,57.2,57.2,77819.60330099899,107500.0,138.14,3.4,100.0,100.0,10.0,100.0,Neutral
BI & Platform Analytics Manager,Management,NJ,1,57.2,57.2,99527.35866206144,109500.0,110.02,3.4,100.0,100.0,10.0,100.0,Neutral
Clinical Data Scientist,Mid Level,CT,1,57.0,57.0,75390.41464728056,84000.0,111.42,4.0,100.0,100.0,0.0,100.0,Neutral
"Senior Manager, Epidemiologic Data Scientist",Senior Level,NY,1,57.0,57.0,141949.15254237287,167500.0,118.0,4.0,100.0,100.0,0.0,100.0,Neutral
Director Data Science,Executive,NJ,1,56.8,56.8,146791.4924559171,161500.0,110.02,3.6,100.0,100.0,5.0,100.0,Neutral
Vice President of Data Science,Executive,AZ,1,56.599999999999994,56.599999999999994,121085.39194709319,124500.0,102.819999999999,3.2,100.0,100.0,10.0,100.0,Neutral
Data Analyst - Corporate Risk ,Mid Level,WI,1,56.400000000000006,56.400000000000006,60313.63088057901,60000.0,99.48,3.8,100.0,100.0,0.0,100.0,Neutral
MongoDB Data Engineer II,Mid Level,TN,1,56.400000000000006,56.400000000000006,117809.73451327434,106500.0,90.4,3.8,100.0,100.0,0.0,100.0,Neutral
Senior Software Engineer (Data Scientist),Senior Level,OH,1,56.2,56.2,116955.96951735829,110500.0,94.4799999999999,3.4,100.0,100.0,5.0,100.0,Neutral
Data Engineer,Mid Level,LA,1,56.099999999999994,56.099999999999994,76597.13168187744,70500.0,92.04,3.7,100.0,100.0,0.0,100.0,Neutral
"Senior Scientist, Quantitative Translational Sciences",Senior Level,MA,1,56.099999999999994,56.099999999999994,116910.38077312871,161500.0,138.14,3.7,100.0,100.0,0.0,100.0,Neutral
"Director II, Data Science - GRM Actuarial",Executive,IL,1,55.89999999999999,55.89999999999999,273412.2712594187,254000.0,92.9,3.3,100.0,100.0,5.0,100.0,Neutral
Senior Quantitative Analyst,Senior Level,NJ,1,55.89999999999999,55.89999999999999,157244.13742955826,173000.0,110.02,3.3,100.0,100.0,5.0,100.0,Neutral
Data Engineer I,Mid Level,NJ,1,55.8,55.8,132703.14488274857,146000.0,110.02,3.6,100.0,100.0,0.0,100.0,Neutral
Data Science Manager,Management,PA,1,55.599999999999994,55.599999999999994,127093.30143540671,127500.0,100.32,3.2,100.0,100.0,5.0,100.0,Neutral
Senior Scientist II,Senior Level,CA,1,55.5,55.5,133007.1854456505,174000.0,130.82,3.5,100.0,100.0,0.0,100.0,Neutral
Staff Machine Learning Engineer,Mid Level,CA,1,55.464705882352945,55.464705882352945,138358.0492279468,181000.0,130.82,3.9,94.11764705882352,94.11764705882352,10.0,100.0,Neutral
Lead Data Scientist,Mid Level,MD,1,55.37142857142857,55.37142857142857,117428.9245982705,133000.0,113.259999999999,4.1,92.85714285714286,92.85714285714286,10.0,100.0,Neutral
"Enterprise Architect, Data",Mid Level,MA,1,55.3,55.3,93745.47560445925,129500.0,138.14,3.6,95.45454545454545,95.45454545454545,10.0,100.0,Neutral
Lead Health Data Analyst - Front End,Mid Level,RI,1,55.2,55.2,94144.22895876483,100000.0,106.22,3.4,100.0,100.0,0.0,100.0,Neutral
Senior Data Engineer (Senior BI Developer),Senior Level,AZ,1,55.2,55.2,97257.3429293921,100000.0,102.819999999999,3.4,100.0,100.0,0.0,100.0,Neutral
Data Scientist - Quantitative,Mid Level,IL,1,55.16923076923078,55.16923076923078,121097.95479009688,112500.0,92.9,3.8,92.3076923076923,92.3076923076923,15.0,100.0,Neutral
"Senior Data Scientist - Analytics, Personalized Healthcare (PHC)",Senior Level,CA,1,55.11666666666666,55.11666666666666,129185.13988686744,169000.0,130.82,3.9,91.66666666666666,91.66666666666666,15.0,100.0,Neutral
Lead Data Scientist,Mid Level,CA,1,54.65588235294118,54.65588235294118,137593.6401161902,180000.0,130.82,3.9,92.64705882352942,92.64705882352942,10.0,100.0,Neutral
Staff Data Engineer,Mid Level,CA,1,54.2470588235294,54.2470588235294,135300.41278092033,177000.0,130.82,3.7,91.17647058823529,91.17647058823529,15.0,100.0,Neutral
Senior Scientist Method Development,Senior Level,GA,1,53.7,53.7,87393.4891850557,80000.0,91.54,2.9,100.0,100.0,0.0,100.0,Neutral
Staff Data Scientist,Mid Level,CA,1,53.029411764705884,53.029411764705884,131096.16266625898,171500.0,130.82,3.5,88.23529411764706,88.23529411764706,20.0,100.0,Neutral
Senior Data Scientist,Senior Level,VA,3,53.025,52.125,138943.24853228964,142000.0,102.2,4.0,87.5,87.5,10.0,100.0,Neutral
Data Scientist - Sales,Mid Level,CA,1,52.82058823529412,52.82058823529412,128420.73077511083,168000.0,130.82,4.7,86.76470588235294,86.76470588235294,5.0,100.0,Neutral
Principal Data Scientist,Mid Level,CA,2,52.80588235294118,52.80588235294118,140269.07200733834,183500.0,130.82,3.45,92.64705882352942,92.64705882352942,7.5,100.0,Neutral
Big Data Engineer,Mid Level,VA,1,52.15,52.15,115949.1193737769,118500.0,102.2,3.3,95.0,95.0,0.0,100.0,Neutral
Senior Data Engineer,Senior Level,TN,2,52.025,52.025,116980.08849557521,105750.0,90.4,3.8000000000000003,87.5,87.5,12.5,100.0,Neutral
Senior Data Scientist - Algorithms,Senior Level,NY,1,51.825,51.825,139830.5084745763,165000.0,118.0,3.9,87.5,87.5,10.0,100.0,Neutral
Senior Scientist (Neuroscience),Senior Level,MA,1,51.5,51.5,111843.05776748227,154500.0,138.14,3.5,90.9090909090909,90.9090909090909,5.0,100.0,Neutral
Data Scientist,Mid Level,MO,2,50.633333333333326,50.633333333333326,133085.13002889545,119750.0,89.9799999999999,4.1,83.33333333333333,83.33333333333333,12.5,100.0,Neutral
Staff Data Scientist - Technology,Mid Level,TX,1,50.01666666666666,50.01666666666666,147433.1777683496,139000.0,94.28,3.2,91.66666666666666,91.66666666666666,0.0,100.0,Neutral
Geospatial Software Developer and Data Scientist,Mid Level,TX,1,49.93333333333334,49.93333333333334,111900.72125583369,105500.0,94.28,3.7,83.33333333333334,83.33333333333334,15.0,100.0,Neutral
Big Data Engineer - Chicago - Future Opportunity,Mid Level,IL,1,49.723076923076924,49.723076923076924,107642.62648008611,100000.0,92.9,4.1,80.76923076923077,80.76923076923077,15.0,100.0,Neutral
Senior Data Scientist,Senior Level,NC,1,49.64285714285714,49.64285714285714,127404.83012689317,124500.0,97.72,3.5,85.71428571428571,85.71428571428571,10.0,100.0,Neutral
Data Engineer 5 - Contract,Mid Level,UT,1,49.43333333333334,49.43333333333334,109295.19918283963,107000.0,97.9,4.2,83.33333333333334,83.33333333333334,5.0,100.0,Neutral
Lead Big Data Engineer,Mid Level,CA,1,49.272058823529406,49.272058823529406,123834.27610457117,162000.0,130.82,4.0,78.67647058823529,78.67647058823529,20.0,100.0,Neutral
Machine Learning Engineer,Mid Level,NY,1,49.26666666666666,49.26666666666666,105932.20338983051,125000.0,118.0,3.2,84.84848484848484,84.84848484848484,15.0,100.0,Neutral
"Principal Data Engineer, Data Platform & Insights",Mid Level,CA,1,48.48529411764706,48.48529411764706,124216.48066044947,162500.0,130.82,4.0,80.88235294117648,80.88235294117648,10.0,100.0,Neutral
Lead Data Scientist,Mid Level,OH,1,48.4,48.4,105842.50635055048,100000.0,94.4799999999999,3.8,80.0,80.0,15.0,100.0,Neutral
Data Scientist - Machine Learning Expert,Mid Level,MA,1,48.4,48.4,82886.92630664543,114500.0,138.14,3.8,81.81818181818183,81.81818181818183,10.0,100.0,Neutral
Data Engineer - ETL,Mid Level,AL,1,48.4,48.4,72334.74293345211,65000.0,89.8599999999999,3.8,80.0,80.0,15.0,100.0,Neutral
PL Actuarial-Lead Data Scientist,Senior Level,MA,1,48.1,48.1,106051.8314753149,146500.0,138.14,3.7,81.81818181818183,81.81818181818183,10.0,100.0,Neutral
Machine Learning Research Scientist,Mid Level,PA,1,47.925,47.925,119617.2248803828,120000.0,100.32,2.6,87.5,87.5,10.0,100.0,Neutral
Data Scientist - Office of Data Science,Mid Level,MA,1,47.9,47.9,82886.92630664543,114500.0,138.14,3.3,81.81818181818183,81.81818181818183,15.0,100.0,Neutral
Data Scientist,Mid Level,OR,2,47.83333333333333,47.83333333333333,88050.3144654088,98000.0,111.3,3.0,83.33333333333333,83.33333333333333,15.0,100.0,Neutral
Data Scientist,Mid Level,IN,1,47.5,47.5,93157.8947368421,88500.0,95.0,3.5,80.0,80.0,15.0,100.0,Neutral
Data Science Engineer - Mobile,Mid Level,CA,1,47.272058823529406,47.272058823529406,123834.27610457117,162000.0,130.82,4.0,78.67647058823529,78.67647058823529,10.0,100.0,Neutral
Senior Data & Machine Learning Scientist,Senior Level,IL,1,47.0,47.0,143164.69321851453,133000.0,92.9,3.0,80.0,80.0,20.0,100.0,Neutral
R&D Data Analysis Scientist,Mid Level,WA,1,47.0,47.0,85797.25448785714,97500.0,113.639999999999,4.0,81.81818181818183,81.81818181818183,0.0,100.0,Neutral
Senior Data Engineer,Senior Level,NC,2,46.96428571428571,46.96428571428571,126125.66516577979,123250.0,97.72,3.75,78.57142857142857,78.57142857142857,12.5,100.0,Neutral
Senior Data Scientist,Senior Level,MI,2,46.7,46.7,124601.48777895857,117250.0,94.1,4.15,75.0,75.0,15.0,100.0,Neutral
Customer Data Scientist,Mid Level,CA,1,46.53235294117647,46.53235294117647,117336.79865463996,153500.0,130.82,4.3,72.05882352941177,72.05882352941177,20.0,100.0,Neutral
Data Scientist - Translational Medicine,Mid Level,MA,1,46.4,46.4,82886.92630664543,114500.0,138.14,3.8,81.81818181818183,81.81818181818183,0.0,100.0,Neutral
Customer Data Scientist/Sales Engineer,Mid Level,CA,1,45.91470588235293,45.91470588235293,115043.57131937012,150500.0,130.82,4.3,69.11764705882352,69.11764705882352,25.0,100.0,Neutral
Data Engineer,Mid Level,FL,2,45.58571428571429,45.58571428571429,101311.08462455301,102000.0,100.68,4.6,71.42857142857143,71.42857142857143,12.5,100.0,Neutral
Data & Analytics Consultant,Mid Level,NY,1,45.26666666666667,45.26666666666667,97033.89830508475,114500.0,118.0,4.7,71.21212121212122,71.21212121212122,10.0,100.0,Neutral
Data Scientist,Mid Level,NJ,2,45.014285714285705,45.014285714285705,104753.68114888201,115250.0,110.02,3.6,78.57142857142857,78.57142857142857,5.0,100.0,Neutral
Senior Scientist - Digital & Image Analysis/Computational Pathology,Senior Level,CA,1,44.87777777777779,44.87777777777779,115807.98043112674,151500.0,130.82,3.7,77.77777777777779,77.77777777777779,5.0,100.0,Neutral
Senior Data Scientist 4 Artificial Intelligence,Senior Level,WA,1,44.65,44.65,104716.64906723076,119000.0,113.639999999999,3.8,75.0,75.0,10.0,100.0,Neutral
Associate Director/Director -  Safety Scientist,Executive,MA,1,44.45,44.45,101346.46011292892,140000.0,138.14,4.4,75.0,75.0,0.0,100.0,Neutral
Data Engineer,Mid Level,MD,1,44.41428571428571,44.41428571428571,96238.74271587582,109000.0,113.259999999999,3.4,78.57142857142857,78.57142857142857,5.0,100.0,Neutral
Data Scientist,Mid Level,OH,2,44.25,44.25,106900.93141405599,101000.0,94.4799999999999,3.25,80.0,80.0,2.5,100.0,Neutral
Data Scientist,Mid Level,FL,3,44.08571428571428,43.885714285714286,84922.52681764004,85500.0,100.68,4.2,71.42857142857143,71.42857142857143,10.0,100.0,Neutral
Data Scientist,Mid Level,NM,2,43.7,43.7,78374.07013815091,73750.0,94.1,3.65,75.0,75.0,7.5,100.0,Neutral
Senior Data Scientist,Senior Level,CO,2,43.55,43.55,115328.82011605415,119250.0,103.4,3.6,75.0,75.0,7.5,100.0,Neutral
Data Engineer,Mid Level,IL,3,43.54871794871795,40.746153846153845,102798.70828848223,95500.0,92.9,4.3,69.23076923076923,69.23076923076923,15.0,100.0,Neutral
Senior Data Scientist II,Senior Level,NY,1,43.45,43.45,124576.27118644069,147000.0,118.0,3.4,75.0,75.0,10.0,100.0,Neutral
Data Scientist,Mid Level,WA,3,43.23333333333333,40.2,78317.4938401978,89000.0,113.639999999999,3.4,72.72727272727273,72.72727272727273,15.0,100.0,Neutral
"Principal, Data Science - Advanced Analytics",Mid Level,PA,1,43.05,43.05,111144.33811802234,111500.0,100.32,3.6,75.0,75.0,5.0,100.0,Neutral
"Manager, Safety Scientist, Medical Safety & Risk Management",Management,MA,1,42.65,42.65,69856.66714926886,96500.0,138.14,3.8,75.0,75.0,0.0,100.0,Neutral
Senior Scientist - Neuroscience,Senior Level,MA,1,41.5,41.5,104965.97654553351,145000.0,138.14,3.5,72.72727272727273,72.72727272727273,5.0,100.0,Neutral
Data Scientist,Mid Level,DC,3,41.42222222222222,35.566666666666656,75204.76545048397,101000.0,134.3,3.4,66.66666666666666,66.66666666666666,5.0,100.0,Neutral
Data Scientist - Health Data Analytics,Mid Level,CA,1,40.59264705882353,40.59264705882353,108928.29842531723,142500.0,130.82,4.2,65.44117647058823,65.44117647058823,10.0,100.0,Neutral
Data Engineer,Mid Level,NC,1,40.36666666666666,40.36666666666666,97728.20302906263,95500.0,97.72,3.9,66.66666666666666,66.66666666666666,10.0,100.0,Neutral
Data Engineer 4 - Contract,Mid Level,UT,1,40.26666666666666,40.26666666666666,88866.18998978549,87000.0,97.9,4.2,66.66666666666666,66.66666666666666,5.0,100.0,Neutral
Data Scientist,Mid Level,VA,9,40.08611111111111,39.7,98825.83170254403,101000.0,102.2,3.9,65.0,65.0,5.0,100.0,Neutral
Data Scientist,Mid Level,PA,3,39.76666666666666,35.675,97687.40031897929,98000.0,100.32,3.2,62.5,62.5,15.0,100.0,Less attractive
Senior Data Scientist,Senior Level,CA,7,39.71825396825397,40.36666666666666,113132.5485399786,148000.0,130.82,4.0,66.66666666666666,66.66666666666666,10.0,100.0,Less attractive
Data Engineer,Mid Level,CO,1,39.66666666666666,39.66666666666666,95744.68085106382,99000.0,103.4,4.0,66.66666666666666,66.66666666666666,5.0,100.0,Less attractive
Data Scientist - Algorithms & Inference,Mid Level,CA,1,39.59264705882353,39.59264705882353,108928.29842531723,142500.0,130.82,4.2,65.44117647058823,65.44117647058823,5.0,100.0,Less attractive
Senior Scientist - Regulatory Submissions,Senior Level,NC,1,39.58571428571428,39.58571428571428,120241.5063446582,117500.0,97.72,3.1,71.42857142857143,71.42857142857143,5.0,100.0,Less attractive
Senior Data Engineer,Senior Level,VA,1,39.375,39.375,94911.9373776908,97000.0,102.2,4.0,62.5,62.5,15.0,100.0,Less attractive
Senior Research Scientist-Machine Learning,Senior Level,PA,1,39.3,39.3,123604.46570972889,124000.0,100.32,2.6,70.0,70.0,15.0,100.0,Less attractive
Data Scientist,Mid Level,MA,7,39.25714285714286,42.599999999999994,79629.3615173013,110000.0,138.14,4.4,63.63636363636363,63.63636363636363,10.0,100.0,Less attractive
Senior Data Scientist,Senior Level,MA,1,39.2,39.2,100984.50846966845,139500.0,138.14,4.4,63.63636363636363,63.63636363636363,5.0,100.0,Less attractive
Data Scientist,Mid Level,TN,1,39.16666666666666,39.16666666666666,106194.69026548673,96000.0,90.4,3.5,66.66666666666666,66.66666666666666,10.0,100.0,Less attractive
SQL Data Engineer,Mid Level,TX,1,38.86666666666666,38.86666666666666,98642.34196011879,93000.0,94.28,3.4,66.66666666666666,66.66666666666666,10.0,100.0,Less attractive
"Data Scientist - Actuary, FSA or ASA",Mid Level,MD,1,38.75714285714286,38.75714285714286,94472.89422567627,107000.0,113.259999999999,3.8,64.28571428571429,64.28571428571429,10.0,100.0,Less attractive
"Director II, Data Science - GRS Predictive Analytics",Executive,IL,1,37.566666666666656,37.566666666666656,209364.90850376748,194500.0,92.9,3.3,66.66666666666666,66.66666666666666,5.0,100.0,Less attractive
Senior Research Scientist - Embedded System Development for DevOps,Senior Level,PA,1,37.3,37.3,123604.46570972889,124000.0,100.32,2.6,70.0,70.0,5.0,100.0,Less attractive
Analytics Manager - Data Mart,Management,CA,1,37.16666666666666,37.16666666666666,48922.183152423175,64000.0,130.82,3.5,66.66666666666666,66.66666666666666,0.0,100.0,Less attractive
Data Scientist,Mid Level,NY,18,36.992495854063016,38.01666666666667,91101.69491525425,107500.0,118.0,3.8,61.36363636363637,61.36363636363637,12.5,100.0,Less attractive
Data Scientist - Computational Chemist,Mid Level,WA,1,36.9,36.9,67317.84582893406,76500.0,113.639999999999,3.8,59.09090909090909,59.09090909090909,15.0,100.0,Less attractive
Data Scientist - Agriculture,Mid Level,IN,1,36.8,36.8,84736.84210526316,80500.0,95.0,4.6,60.0,60.0,0.0,100.0,Less attractive
Senior Data Scientist,Senior Level,NJ,1,36.566666666666656,36.566666666666656,89529.1765133612,98500.0,110.02,3.3,66.66666666666666,66.66666666666666,0.0,100.0,Less attractive
Data Engineer,Mid Level,DC,2,36.43333333333333,36.43333333333333,77810.87118391659,104500.0,134.3,3.95,58.333333333333336,58.333333333333336,12.5,100.0,Less attractive
Associate Data Analyst,Entry Level,MA,1,35.6,35.6,34385.40610974374,47500.0,138.14,3.7,50.0,50.0,0.0,30.0,Less attractive
Data Modeler,Mid Level,MD,1,35.528571428571425,35.528571428571425,94031.43210312638,106500.0,113.259999999999,4.7,57.14285714285714,57.14285714285714,0.0,100.0,Less attractive
Senior Data Scientist,Senior Level,IL,2,35.05,35.05,139128.0947255113,129250.0,92.9,4.35,50.0,50.0,22.5,100.0,Less attractive
Senior Spark Engineer (Data Science),Senior Level,IN,1,34.7,34.7,112105.26315789475,106500.0,95.0,4.4,50.0,50.0,20.0,100.0,Less attractive
"Data Engineer, Data Engineering and Artifical Intelligence",Mid Level,MA,1,34.6,34.6,74200.08686839438,102500.0,138.14,3.7,59.09090909090909,59.09090909090909,5.0,100.0,Less attractive
Data Scientist,Mid Level,GA,1,34.6,34.6,86847.27987764911,79500.0,91.54,4.7,50.0,50.0,15.0,100.0,Less attractive
Junior Data Analyst,Entry Level,DC,1,34.4,34.4,37230.08190618019,50000.0,134.3,3.3,50.0,50.0,0.0,30.0,Less attractive
Senior Data Scientist,Senior Level,TX,1,34.26666666666666,34.26666666666666,116673.73780229106,110000.0,94.28,2.2,66.66666666666666,66.66666666666666,5.0,100.0,Less attractive
Systems Engineer II - Data Analyst,Mid Level,AL,1,34.1,34.1,69552.63743601166,62500.0,89.8599999999999,3.7,60.0,60.0,0.0,100.0,Less attractive
Data Scientist,Mid Level,CA,26,33.34671945701358,33.17426470588235,92493.50252255007,121000.0,130.82,3.75,55.14705882352941,55.14705882352941,10.0,100.0,Less attractive
Senior Data Analyst,Senior Level,FL,1,32.9,32.9,60588.001589193475,61000.0,100.68,4.8,50.0,50.0,5.0,100.0,Less attractive
Senior Data Scientist,Senior Level,OH,1,32.7,32.7,113251.48179508901,107000.0,94.4799999999999,4.4,50.0,50.0,10.0,100.0,Less attractive
Data Engineer,Mid Level,NJ,1,32.62857142857142,32.62857142857142,70896.20069078349,78000.0,110.02,3.4,57.14285714285714,57.14285714285714,5.0,100.0,Less attractive
Data Scientist/ML Engineer,Mid Level,NY,1,31.53333333333333,31.53333333333333,82203.38983050847,97000.0,118.0,3.4,51.515151515151516,51.515151515151516,15.0,100.0,Less attractive
Senior Data Scientist,Senior Level,NY,2,31.5,31.5,111228.81355932204,131250.0,118.0,4.0,50.0,50.0,10.0,100.0,Less attractive
Products Data Analyst II,Mid Level,CA,1,31.444117647058818,31.444117647058818,94404.5253019416,123500.0,130.82,3.3,57.35294117647059,57.35294117647059,0.0,100.0,Less attractive
Data Scientist II,Mid Level,CA,1,31.30882352941176,31.30882352941176,91346.88885491515,119500.0,130.82,3.0,51.470588235294116,51.470588235294116,20.0,100.0,Less attractive
Data Scientist,Mid Level,MD,4,31.307142857142853,29.249999999999996,85422.92071340354,96750.0,113.259999999999,3.9,50.0,50.0,10.0,100.0,Less attractive
Analytics - Business Assurance Data Analyst,Mid Level,IA,1,31.299999999999997,31.299999999999997,46336.206896551776,43000.0,92.7999999999999,4.6,50.0,50.0,0.0,100.0,Less attractive
Senior Data Scientist - R&D Oncology,Senior Level,NY,1,31.200000000000003,31.200000000000003,116101.69491525424,137000.0,118.0,3.9,50.0,50.0,10.0,100.0,Less attractive
Survey Data Analyst,Mid Level,MN,1,31.1,31.1,78920.04153686397,76000.0,96.3,4.2,50.0,50.0,5.0,100.0,Less attractive
Software Engineer Staff Scientist: Human Language Technologies,Mid Level,MD,1,30.6,30.6,87409.50026487804,99000.0,113.259999999999,3.7,50.0,50.0,10.0,100.0,Less attractive
Data Analyst,Mid Level,ID,1,30.5,30.5,47758.28460038986,49000.0,102.6,4.0,50.0,50.0,5.0,100.0,Less attractive
Data Engineer,Mid Level,VA,6,30.400000000000002,26.2125,87573.38551859099,89500.0,102.2,4.05,43.75,43.75,10.0,100.0,Less attractive
Senior Data Analyst,Senior Level,AZ,1,30.4,30.4,53491.53861116566,55000.0,102.819999999999,4.3,50.0,50.0,0.0,100.0,Less attractive
Data Engineer,Mid Level,AZ,2,30.349999999999994,30.349999999999994,62730.986189457915,64500.0,102.819999999999,3.45,49.99999999999999,49.99999999999999,12.5,100.0,Less attractive
Data Scientist,Mid Level,TX,5,30.166666666666668,30.1,90156.97921086126,85000.0,94.28,4.3,50.0,50.0,10.0,100.0,Less attractive
Data Scientist,Mid Level,IL,2,30.142307692307693,30.142307692307693,90688.91280947255,84250.0,92.9,3.9000000000000004,48.07692307692308,48.07692307692308,10.0,100.0,Less attractive
Data Analyst -  (Missionary Department),Mid Level,UT,1,30.1,30.1,73544.43309499489,72000.0,97.9,4.2,50.0,50.0,0.0,100.0,Less attractive
Data Engineer,Mid Level,PA,1,30.1,30.1,91208.13397129187,91500.0,100.32,3.2,50.0,50.0,15.0,100.0,Less attractive
Senior Data Scientist Statistics,Senior Level,WA,1,29.9,29.9,86677.22632875823,98500.0,113.639999999999,3.8,50.0,50.0,5.0,100.0,Less attractive
Senior Risk Data Scientist,Senior Level,CA,1,29.9,29.9,106635.0710900474,139500.0,130.82,3.8,50.0,50.0,5.0,100.0,Less attractive
"Director - Data, Privacy and AI Governance",Executive,MA,1,29.299999999999997,29.299999999999997,73114.231938613,101000.0,138.14,3.6,50.0,50.0,5.0,100.0,Less attractive
Product Manager/Data Evangelist,Management,PA,1,29.1,29.1,73763.95534290271,74000.0,100.32,3.2,50.0,50.0,10.0,100.0,Less attractive
Machine Learning Engineer - NLP ,Mid Level,CA,1,28.947058823529403,28.947058823529403,84849.41140498394,111000.0,130.82,4.1,41.17647058823529,41.17647058823529,20.0,100.0,Less attractive
Senior Data Scientist: Causal & Predictive analytics AI Innovation Lab,Senior Level,MA,1,28.9,28.9,87592.29766903142,121000.0,138.14,3.8,50.0,50.0,0.0,100.0,Less attractive
"Senior Data Scientist – Visualization, Novartis AI Innovation Lab",Senior Level,MA,1,28.9,28.9,87592.29766903142,121000.0,138.14,3.8,50.0,50.0,0.0,100.0,Less attractive
Data Science Project Manager,Management,MA,1,28.299999999999997,28.299999999999997,49587.37512668307,68500.0,138.14,3.6,50.0,50.0,0.0,100.0,Less attractive
E-Commerce Data Analyst,Mid Level,LA,1,28.0,28.0,52151.23859191655,48000.0,92.04,3.5,50.0,50.0,0.0,100.0,Less attractive
Staff BI and Data Engineer,Mid Level,CA,1,27.79558823529412,27.79558823529412,87142.63874025378,114000.0,130.82,2.9,49.26470588235294,49.26470588235294,10.0,100.0,Less attractive
Data Engineer,Mid Level,NY,3,27.566666666666666,34.833333333333336,89830.50847457627,106000.0,118.0,3.5,60.60606060606061,60.60606060606061,5.0,100.0,Less attractive
Senior Data Engineer - Contract-to-Hire (Java),Senior Level,TN,1,27.5,27.5,108407.0796460177,98000.0,90.4,3.0,50.0,50.0,5.0,100.0,Less attractive
"Senior Health Data Analyst, Star Ratings",Senior Level,MD,1,27.4,27.4,94914.35634822615,107500.0,113.259999999999,3.3,50.0,50.0,0.0,100.0,Less attractive
Radar Data Analyst,Mid Level,AL,1,27.1,27.1,65657.689739595,59000.0,89.8599999999999,4.7,40.0,40.0,5.0,100.0,Less attractive
Data Analyst,Mid Level,WI,1,26.799999999999997,26.799999999999997,56795.33574587857,56500.0,99.48,3.1,50.0,50.0,0.0,100.0,Less attractive
Analytics Consulting,Mid Level,CT,1,26.5,26.5,56094.05851732184,62500.0,111.42,3.0,50.0,50.0,0.0,100.0,Less attractive
Data Architect / Data Modeler,Mid Level,NY,1,26.233333333333327,26.233333333333327,73305.08474576271,86500.0,118.0,4.3,42.42424242424242,42.42424242424242,0.0,100.0,Less attractive
Analytics Consultant,Mid Level,IN,1,26.200000000000003,26.200000000000003,70000.0,66500.0,95.0,4.4,40.0,40.0,5.0,100.0,Less attractive
Spectral Scientist/Engineer,Mid Level,OH,1,26.1,26.1,91553.76799322617,86500.0,94.4799999999999,4.7,40.0,40.0,0.0,100.0,Less attractive
Data Scientist - Artificial Intelligence Early Career,Mid Level,WA,1,25.9,25.9,58958.113340373624,67000.0,113.639999999999,3.8,40.909090909090914,40.909090909090914,10.0,100.0,Less attractive
Software Engineer - Data Visualization,Mid Level,MD,1,25.57142857142857,25.57142857142857,82553.41691682926,93500.0,113.259999999999,4.0,42.857142857142854,42.857142857142854,0.0,100.0,Less attractive
Data Engineer,Mid Level,TN,1,25.53333333333333,25.53333333333333,97345.13274336283,88000.0,90.4,4.4,33.33333333333333,33.33333333333333,20.0,100.0,Less attractive
Senior Data Engineer,Senior Level,CA,2,25.08888888888889,25.08888888888889,105297.35514447332,137750.0,130.82,3.9,38.888888888888886,38.888888888888886,10.0,100.0,Less attractive
Data Scientist - Bioinformatics,Mid Level,WA,1,24.9,24.9,58958.113340373624,67000.0,113.639999999999,3.8,40.909090909090914,40.909090909090914,5.0,100.0,Less attractive
Senior Machine Learning (ML) Engineer / Data Scientist - Cyber Security Analytics,Senior Level,VA,1,24.725,24.725,87573.38551859099,89500.0,102.2,3.7,37.5,37.5,15.0,100.0,Less attractive
System and Data Analyst,Mid Level,NJ,1,24.67142857142857,24.67142857142857,53626.61334302853,59000.0,110.02,3.7,42.857142857142854,42.857142857142854,0.0,100.0,Less attractive
Machine Learning Engineer,Mid Level,VA,1,24.625,24.625,85127.20156555773,87000.0,102.2,4.0,37.5,37.5,10.0,100.0,Less attractive
College Hire - Data Scientist ,Mid Level,IL,1,24.369230769230768,24.369230769230768,87190.52744886975,81000.0,92.9,3.7,42.30769230769231,42.30769230769231,0.0,100.0,Less attractive
Senior Data Analyst,Senior Level,CA,1,24.08888888888889,24.08888888888889,105870.66197829078,138500.0,130.82,3.9,38.88888888888889,38.88888888888889,5.0,100.0,Less attractive
Senior Scientist - Biostatistician,Senior Level,NC,1,23.871428571428567,23.871428571428567,82378.22349570201,80500.0,97.72,3.1,42.857142857142854,42.857142857142854,5.0,100.0,Less attractive
Data Scientist,Mid Level,CO,1,23.33333333333333,23.33333333333333,84622.82398452611,87500.0,103.4,4.0,33.33333333333333,33.33333333333333,15.0,100.0,Less attractive
Manager of Data Science,Management,CA,1,23.03333333333333,23.03333333333333,48539.97859654487,63500.0,130.82,3.9,33.33333333333333,33.33333333333333,15.0,100.0,Less attractive
Data Engineer - Consultant ,Mid Level,NC,1,22.93333333333333,22.93333333333333,87494.88334015555,85500.0,97.72,4.2,33.33333333333333,33.33333333333333,10.0,100.0,Less attractive
"Senior Scientist, Cell Pharmacology/Assay Development",Senior Level,MA,1,22.264925373134332,22.264925373134332,86868.3943825105,120000.0,138.14,,36.36363636363637,36.36363636363637,5.0,100.0,Less attractive
Senior Data Scientist / Machine Learning,Senior Level,TX,1,22.03333333333333,22.03333333333333,101824.35299109037,96000.0,94.28,3.9,33.33333333333333,33.33333333333333,10.0,100.0,Less attractive
Healthcare Data Scientist,Mid Level,MD,1,21.84285714285714,21.84285714285714,77255.8714462306,87500.0,113.259999999999,3.4,35.714285714285715,35.714285714285715,10.0,100.0,Less attractive
Data Analyst,Mid Level,IL,1,21.823076923076925,21.823076923076925,83423.03552206674,77500.0,92.9,4.3,30.76923076923077,30.76923076923077,10.0,100.0,Less attractive
Software Engineer (Data Scientist/Software Engineer) - SISW - MG,Mid Level,CA,1,21.68970588235294,21.68970588235294,81791.7749579575,107000.0,130.82,4.1,31.61764705882353,31.61764705882353,10.0,100.0,Less attractive
"Director, Data Science",Executive,IL,1,21.133333333333326,21.133333333333326,193218.51453175457,179500.0,92.9,3.6,33.33333333333333,33.33333333333333,10.0,100.0,Less attractive
Data Analyst - full-time contract worker for up to 12 months,Mid Level,UT,1,20.93333333333333,20.93333333333333,51072.52298263534,50000.0,97.9,4.2,33.33333333333333,33.33333333333333,0.0,100.0,Less attractive
Excel / VBA / SQL Data Analyst,Mid Level,MO,1,20.633333333333326,20.633333333333326,67792.84285396762,61000.0,89.9799999999999,4.1,33.33333333333333,33.33333333333333,0.0,100.0,Less attractive
Data Engineer,Mid Level,MA,3,20.433333333333334,21.799999999999997,66599.10235992471,92000.0,138.14,3.6,36.36363636363637,36.36363636363637,5.0,100.0,Less attractive
Software Data Engineer - College,Mid Level,OR,1,20.33333333333333,20.33333333333333,65588.4995507637,73000.0,111.3,4.0,33.33333333333333,33.33333333333333,0.0,100.0,Less attractive
Data Modeler (Analytical Systems),Mid Level,MA,1,20.299999999999997,20.299999999999997,66237.15071666426,91500.0,138.14,3.6,31.818181818181817,31.818181818181817,10.0,100.0,Less attractive
Senior Data Analyst/Scientist,Senior Level,CA,1,19.77777777777778,19.77777777777778,92875.70707842837,121500.0,130.82,4.5,27.77777777777778,27.77777777777778,5.0,100.0,Less attractive
Web Data Analyst,Mid Level,CA,1,19.7764705882353,19.7764705882353,81027.36584620089,106000.0,130.82,4.2,29.411764705882355,29.411764705882355,5.0,100.0,Less attractive
Senior Data Analyst,Senior Level,VA,2,19.0375,19.0375,76076.32093933463,77750.0,102.2,3.45,31.25,31.25,7.5,100.0,Less attractive
Senior Data Analyst,Senior Level,NJ,1,18.733333333333327,18.733333333333327,70441.73786584257,77500.0,110.02,2.8,33.33333333333333,33.33333333333333,10.0,100.0,Less attractive
Lead Data Engineer (Python),Mid Level,CA,1,18.63676470588235,18.63676470588235,72236.66106099985,94500.0,130.82,4.7,22.794117647058822,22.794117647058822,10.0,100.0,Less attractive
Information Security Data Analyst,Mid Level,NJ,1,18.614285714285714,18.614285714285714,52717.6876931467,58000.0,110.02,4.3,28.57142857142857,28.57142857142857,0.0,100.0,Less attractive
"Senior Expert Data Science, Advanced Visual Analytics (Associate level)",Senior Level,MA,1,18.4,18.4,77095.70001447806,106500.0,138.14,3.8,27.27272727272727,27.27272727272727,10.0,100.0,Less attractive
Senior Data Analyst - IT,Senior Level,PA,1,18.3,18.3,72268.74003189793,72500.0,100.32,2.1,40.0,40.0,0.0,100.0,Less attractive
Data Analyst - Asset Management,Mid Level,CA,1,18.267647058823528,18.267647058823528,79116.34306680935,103500.0,130.82,4.3,27.941176470588236,27.941176470588236,0.0,100.0,Less attractive
Data Analyst - Performance Partnership,Mid Level,NY,1,17.799999999999997,17.799999999999997,61864.40677966102,73000.0,118.0,3.6,27.27272727272727,27.27272727272727,10.0,100.0,Less attractive
Data Engineer,Mid Level,TX,3,17.48333333333333,19.241666666666667,84853.62749257531,80000.0,94.28,3.4,29.166666666666668,29.166666666666668,15.0,100.0,Less attractive
Senior Data Scientist Artificial Intelligence,Senior Level,WA,1,17.15,17.15,70837.73319253845,80500.0,113.639999999999,3.8,25.0,25.0,10.0,100.0,Less attractive
Senior Scientist - Toxicologist - Product Integrity (Stewardship),Senior Level,NC,1,17.014285714285712,17.014285714285712,75726.5656979124,74000.0,97.72,3.1,28.57142857142857,28.57142857142857,10.0,100.0,Less attractive
Data Scientist - Warehouse Automation,Mid Level,CA,1,16.958823529411767,16.958823529411767,78734.13851093105,103000.0,130.82,3.8,26.47058823529412,26.47058823529412,5.0,100.0,Less attractive
Information Security Data Analyst,Mid Level,IL,1,16.792307692307695,16.792307692307695,65662.00215285252,61000.0,92.9,3.7,23.076923076923077,23.076923076923077,15.0,100.0,Less attractive
Data Analyst,Mid Level,WA,2,16.75,16.75,52358.32453361538,59500.0,113.639999999999,4.25,22.727272727272727,22.727272727272727,7.5,100.0,Less attractive
Digital Health Data Scientist,Mid Level,MA,1,16.5,16.5,62617.63428405965,86500.0,138.14,4.0,22.727272727272727,22.727272727272727,10.0,100.0,Less attractive
Data Engineer,Mid Level,CA,6,16.368872549019606,16.19338235294118,74720.99067420884,97750.0,130.82,3.35,23.897058823529413,23.897058823529413,10.0,100.0,Less attractive
IT - Data Engineer II,Mid Level,MA,1,16.199999999999996,16.199999999999996,65151.295786882874,90000.0,138.14,3.4,27.27272727272727,27.27272727272727,5.0,100.0,Less attractive
Market Data Analyst,Mid Level,FL,1,15.914285714285711,15.914285714285711,43702.82081843464,44000.0,100.68,3.4,28.57142857142857,28.57142857142857,0.0,100.0,Less attractive
Assistant Director/Director - Office of Data Science,Executive,MA,1,14.649999999999999,14.649999999999999,38366.8741856088,53000.0,138.14,3.3,25.0,25.0,5.0,100.0,Less attractive
Data Analytics Project Manager,Management,MA,1,14.549999999999997,14.549999999999997,45605.90705081801,63000.0,138.14,3.6,25.0,25.0,0.0,100.0,Less attractive
Data Management Specialist,Mid Level,AL,1,14.5,14.5,53416.42555085695,48000.0,89.8599999999999,4.5,20.0,20.0,0.0,100.0,Less attractive
Business Intelligence Analyst -  Developer,Mid Level,OH,1,13.899999999999999,13.899999999999999,83615.58001693488,79000.0,94.4799999999999,4.3,20.0,20.0,0.0,100.0,Less attractive
Senior Data Science Systems Engineer,Senior Level,VA,1,13.350000000000001,13.350000000000001,75831.70254403132,77500.0,102.2,3.2,25.0,25.0,0.0,100.0,Less attractive
Data Engineering Analyst,Mid Level,IL,1,12.861538461538462,12.861538461538462,62970.93649085037,58500.0,92.9,3.8,15.384615384615385,15.384615384615385,15.0,100.0,Less attractive
"Senior Operations Data Analyst, Call Center Operations",Senior Level,TN,1,12.850000000000001,12.850000000000001,14.93362831858407,13.5,90.4,2.7,25.0,25.0,5.0,100.0,Less attractive
Senior Data Analyst ,Mid Level,PA,1,12.75,12.75,66287.8787878788,66500.0,100.32,3.0,25.0,25.0,0.0,100.0,Less attractive
"Senior Scientist, Immuno-Oncology - Oncology",Senior Level,MA,1,12.7,12.7,61169.82771101781,84500.0,138.14,3.9,18.181818181818183,18.181818181818183,5.0,100.0,Less attractive
Product Engineer – Data Science,Mid Level,VA,1,12.5,12.5,80234.8336594912,82000.0,102.2,3.5,20.0,20.0,5.0,100.0,Less attractive
Business Data Analyst - SQL,Mid Level,NY,1,12.233333333333334,12.233333333333334,55084.745762711864,65000.0,118.0,3.8,19.696969696969695,19.696969696969695,0.0,100.0,Less attractive
Marketing Data Analyst,Mid Level,NY,1,12.233333333333334,12.233333333333334,55084.745762711864,65000.0,118.0,3.8,19.696969696969695,19.696969696969695,0.0,100.0,Less attractive
Senior Data Analyst,Senior Level,PA,1,12.100000000000001,12.100000000000001,69278.30940988836,69500.0,100.32,3.7,20.0,20.0,0.0,100.0,Less attractive
Financial Data Analyst,Mid Level,NJ,1,11.957142857142856,11.957142857142856,51354.29921832394,56500.0,110.02,4.7,14.285714285714285,14.285714285714285,0.0,100.0,Less attractive
Data Modeler - Data Solutions Engineer,Mid Level,IN,1,11.899999999999999,11.899999999999999,54210.52631578947,51500.0,95.0,3.3,20.0,20.0,5.0,100.0,Less attractive
Senior Data Engineer,Senior Level,IL,1,11.2,11.2,115715.82346609257,107500.0,92.9,3.4,20.0,20.0,0.0,100.0,Less attractive
Data Operations Lead,Mid Level,CA,1,10.757572431957858,10.757572431957858,66885.79727870355,87500.0,130.82,,15.441176470588236,15.441176470588236,5.0,100.0,Less attractive
Senior Research Analytical Scientist-Non-Targeted Analysis,Senior Level,NC,1,10.757142857142856,10.757142857142856,67028.24396234138,65500.0,97.72,4.3,14.285714285714285,14.285714285714285,0.0,100.0,Less attractive
Data Analyst,Mid Level,NY,2,10.549999999999999,10.549999999999999,53177.96610169492,62750.0,118.0,3.35,18.18181818181818,18.18181818181818,2.5,100.0,Less attractive
Data Analyst - Scientist,Mid Level,MD,1,10.457142857142856,10.457142857142856,64012.00776973392,72500.0,113.259999999999,4.2,14.285714285714285,14.285714285714285,0.0,100.0,Less attractive
Senior Data Engineer | Big Data SaaS Pipeline,Senior Level,CA,1,10.266666666666666,10.266666666666666,78734.13851093105,103000.0,130.82,2.7,16.666666666666664,16.666666666666664,15.0,100.0,Less attractive
Marketing Data Analyst,Mid Level,PA,1,9.575,9.575,48843.70015948964,49000.0,100.32,3.9,12.5,12.5,5.0,100.0,Less attractive
Data Analyst -Supply Chain ,Mid Level,UT,1,9.466666666666661,9.466666666666661,48008.17160367722,47000.0,97.9,3.1,16.666666666666664,16.666666666666664,5.0,100.0,Less attractive
Senior Data Analyst,Senior Level,NY,2,9.4625,9.4625,72245.7627118644,85250.0,118.0,2.55,18.75,18.75,7.5,100.0,Less attractive
Program/Data Analyst,Mid Level,DC,1,9.366666666666664,9.366666666666664,57334.32613551749,77000.0,134.3,3.4,16.666666666666664,16.666666666666664,0.0,100.0,Less attractive
Data Analyst,Mid Level,CA,4,8.495588235294118,9.838235294117645,60006.11527289405,78500.0,130.82,3.25,13.23529411764706,13.23529411764706,10.0,100.0,Less attractive
Data Scientist - Systems Engineering,Mid Level,MA,1,8.099999999999998,8.099999999999998,50311.278413203996,69500.0,138.14,3.2,13.636363636363635,13.636363636363635,5.0,100.0,Less attractive
Data Analytics CONSULTANT,Mid Level,CA,1,7.835294117647059,7.835294117647059,40131.47836722214,52500.0,130.82,4.2,5.88235294117647,5.88235294117647,10.0,100.0,Less attractive
Business Data Analyst,Mid Level,NY,1,7.399999999999999,7.399999999999999,45338.98305084746,53500.0,118.0,3.8,9.090909090909092,9.090909090909092,5.0,100.0,Less attractive
Clinical Data Analyst,Mid Level,FL,1,6.857142857142854,6.857142857142854,37246.722288438614,37500.0,100.68,3.0,14.285714285714285,14.285714285714285,0.0,100.0,Less attractive
Senior Data Analyst,Senior Level,MA,1,6.799999999999997,6.799999999999997,58636.16620819458,81000.0,138.14,3.6,9.090909090909092,9.090909090909092,5.0,100.0,Less attractive
Data Analyst,Mid Level,VA,1,6.600000000000001,6.600000000000001,69471.62426614482,71000.0,102.2,3.7,10.0,10.0,0.0,100.0,Less attractive
Product Engineer – Spatial Data Science and Statistical Analysis,Mid Level,CA,1,6.544117647058826,6.544117647058826,52362.024155327934,68500.0,130.82,3.5,7.352941176470589,7.352941176470589,10.0,100.0,Less attractive
Foundational Community Supports Data Analyst,Mid Level,WA,1,6.199999999999999,6.199999999999999,39158.7469200989,44500.0,113.639999999999,3.4,9.090909090909092,9.090909090909092,5.0,100.0,Less attractive
Senior Formulations Scientist II,Senior Level,CA,1,6.111111111111111,6.111111111111111,76440.91117566121,100000.0,130.82,3.0,11.11111111111111,11.11111111111111,5.0,100.0,Less attractive
Lead Data Analyst,Mid Level,NY,1,6.033333333333331,6.033333333333331,39830.50847457627,47000.0,118.0,3.9,6.0606060606060606,6.0606060606060606,5.0,100.0,Less attractive
Associate Data Science - Internal Audit,Mid Level,MA,1,5.299999999999999,5.299999999999999,45243.95540755755,62500.0,138.14,3.1,9.090909090909092,9.090909090909092,5.0,100.0,Less attractive
Clinical Data Analyst,Mid Level,VA,1,5.049999999999999,5.049999999999999,68982.38747553815,70500.0,102.2,4.1,5.0,5.0,0.0,100.0,Less attractive
"Senior Engineer, Data Management Engineering",Senior Level,CA,1,4.555555555555555,4.555555555555555,75294.2975080263,98500.0,130.82,3.5,5.555555555555555,5.555555555555555,5.0,100.0,Less attractive
Data Scientist - Research,Mid Level,MA,1,3.799999999999999,3.799999999999999,40900.53568843203,56500.0,138.14,3.1,4.545454545454546,4.545454545454546,10.0,100.0,Less attractive
Data Analyst - Chemist Quality System Contractor,Mid Level,CA,1,3.4750000000000014,3.4750000000000014,65356.979055190335,85500.0,130.82,2.2,12.5,12.5,0.0,100.0,Less attractive
Digital Marketing & ECommerce Data Analyst,Mid Level,CA,1,3.226470588235294,3.226470588235294,39367.069255465525,51500.0,130.82,3.6,4.411764705882353,4.411764705882353,0.0,100.0,Less attractive
Marketing Data Analyst,Mid Level,CA,1,2.417647058823528,2.417647058823528,37073.841920195686,48500.0,130.82,3.6,2.941176470588235,2.941176470588235,0.0,100.0,Less attractive
R&D Specialist/ Food Scientist,Mid Level,IL,1,1.4307692307692292,1.4307692307692292,56512.37890204521,52500.0,92.9,2.4,7.6923076923076925,7.6923076923076925,0.0,100.0,Less attractive
Data Analyst,Mid Level,MD,1,0.8285714285714274,0.8285714285714274,54741.30319618625,62000.0,113.259999999999,2.3,7.142857142857142,7.142857142857142,0.0,100.0,Less attractive
