Job Title,Job Level,State,n,RAI_mean,RAI_median,RPP_median,Pay_median,COLID_median,Rating_median,pct_RPP_p50,pct_Pay_p50,pct_PremiumSkill_p50,Compression_penalty_p50,RAI_bucket
Associate Machine Learning Engineer / Data Scientist May 2020 Undergrad,Entry Level,NY,1,66.4,66.4,63135.59322033899,74500.0,118.0,3.8,100.0,100.0,15.0,30.0,Neutral
Associate Data Scientist - Computer Scientist,Entry Level,VA,1,65.6,65.6,79745.59686888453,81500.0,102.2,3.2,100.0,100.0,20.0,30.0,Neutral
Associate Data Engineer,Entry Level,DC,1,64.5,64.5,48771.40729709605,65500.0,134.3,3.5,100.0,100.0,10.0,30.0,Neutral
IT Associate Data Analyst,Entry Level,MA,1,63.099999999999994,63.099999999999994,39090.777472129725,54000.0,138.14,3.7,100.0,100.0,0.0,30.0,Neutral
Customer Data Scientist/Sales Engineer,Mid Level,IL,1,62.900000000000006,62.900000000000006,148008.6114101184,137500.0,92.9,4.3,100.0,100.0,25.0,100.0,Neutral
Machine Learning Engineer,Mid Level,CO,1,62.900000000000006,62.900000000000006,97195.3578336557,100500.0,103.4,4.3,100.0,100.0,25.0,100.0,Neutral
Senior Data Engineer,Senior Level,IN,1,62.5,62.5,128947.36842105264,122500.0,95.0,4.5,100.0,100.0,20.0,100.0,Neutral
Senior Data Engineer,Senior Level,TX,1,62.099999999999994,62.099999999999994,146902.84259652102,138500.0,94.28,4.7,100.0,100.0,15.0,100.0,Neutral
Associate Data Analyst - Graduate Development Program,Entry Level,OH,1,61.89999999999999,61.89999999999999,48158.34038950047,45500.0,94.4799999999999,3.3,100.0,100.0,0.0,30.0,Neutral
Associate Data Analyst,Entry Level,CO,1,61.3,61.3,28529.98065764023,29500.0,103.4,3.1,100.0,100.0,0.0,30.0,Neutral
