Sector,count,median_salary_mid,mean_salary_mid
Biotech & Pharmaceuticals,38,121000.0,123355.26315789473
Telecommunications,3,121000.0,102333.33333333333
Accounting & Legal,1,113500.0,113500.0
Media,5,113000.0,117400.0
Education,12,108250.0,104541.66666666667
Information Technology,124,106250.0,111048.3870967742
Mining & Metals,2,102500.0,102500.0
Aerospace & Defense,20,100750.0,99275.0
Insurance,41,100000.0,101792.68292682926
Consumer Services,3,97500.0,100666.66666666667
Health Care,16,96750.0,99687.5
Real Estate,5,96000.0,103400.0
Transportation & Logistics,4,95750.0,95750.0
Business Services,62,93500.0,97346.7741935484
Retail,8,92750.0,104750.0
Finance,23,87000.0,97739.71739130435
Government,5,81500.0,86500.0
Manufacturing,13,81000.0,87538.46153846153
Agriculture & Forestry,1,80500.0,80500.0
"Oil, Gas, Energy & Utilities",8,76500.0,80750.0
Travel & Tourism,5,65000.0,72600.0
Non-Profit,6,61000.0,68000.0
"Arts, Entertainment & Recreation",1,48500.0,48500.0
