skill,weighted_diff_vs_no_skill,obs_used
machine_learning,24748.30163208814,387
python,15924.07409406278,387
aws,13531.149067133292,374
spark,11365.2590474867,374
deep_learning,9451.702344992666,374
teamwork,7164.722725158612,374
collaboration,2231.9900625747923,374
communication,-3108.4779874404044,374
creativity,-3915.9816247205185,374
problem_solving,-6269.945831239886,374
sql,-6996.938358109934,387
leadership,-10005.886639285489,387
interpersonal_skills,-10248.120300751878,280
tableau,-10499.150835629625,374
critical_thinking,-15544.401544401539,280
power_bi,-17989.259037159693,374
excel,-19282.628572966973,374
time_management,-21948.148148148146,280
r_studio,,0
adaptability,,0
